term,definition,link,introduced_by_card_id
Confederation,Confederation is when several separate British colonies joined together in 1867 to form one country: Canada.,https://en.wikipedia.org/wiki/Canadian_Confederation,4106
Dominion of Canada,"Canada's official name at Confederation in 1867 — ""Dominion"" was the term Canadians chose instead of calling the new country a kingdom or republic.",https://en.wikipedia.org/wiki/Dominion_of_Canada,5109
Fathers of Confederation,"The politicians from Nova Scotia, New Brunswick, and the old Province of Canada who met in the 1860s and hammered out the deal that created Canada.",https://en.wikipedia.org/wiki/Fathers_of_Confederation,5131
British North America Act,"The 1867 law passed by the British Parliament that actually created Canada. It's still in force today, just renamed the Constitution Act, 1867.","https://en.wikipedia.org/wiki/Constitution_Act,_1867",5131
Constitution Act,"Canada's founding constitutional law — the 1867 version created the country, and a 1982 version added the Charter of Rights and Freedoms and brought the constitution fully under Canadian control.",https://en.wikipedia.org/wiki/Constitution_of_Canada,9011
Responsible government,A system where the people running the government (the Cabinet) only stay in power as long as they have the support of the majority of elected representatives — not because a governor simply appointed them.,https://en.wikipedia.org/wiki/Responsible_government,5105
United Empire Loyalists,"Colonists who stayed loyal to the British Crown during the American Revolution and fled to Canada afterward, settling mostly in what's now Ontario and the Maritimes.",https://en.wikipedia.org/wiki/United_Empire_Loyalist,14115
War of 1812,A war between the United States and Britain (fought partly on Canadian soil) that ended in a stalemate — but it's remembered here because it kept Canada from being absorbed into the U.S.,https://en.wikipedia.org/wiki/War_of_1812,5062
Royal Proclamation of 1763,A decree from King George III that first recognized Indigenous peoples' rights to their land — it's the starting point for the treaty relationship between the Crown and First Nations.,https://en.wikipedia.org/wiki/Royal_Proclamation_of_1763,3046
Red River,"The Manitoba settlement where, in 1869-70, the Métis rose up under Louis Riel after Canada tried to take over the territory without consulting the people already living there.",https://en.wikipedia.org/wiki/Red_River_Rebellion,5169
1885 Rebellion,"A second uprising led by Louis Riel and the Métis, this time in Saskatchewan, that ended with Riel's trial and execution for treason.",https://en.wikipedia.org/wiki/North-West_Rebellion,6032
NWMP,Short for North West Mounted Police — the force created in 1873 to police the newly settled Canadian West. It later became the RCMP.,https://en.wikipedia.org/wiki/North-West_Mounted_Police,5132
Quiet Revolution,"A period in the 1960s when Quebec rapidly modernized and moved away from Church control, and when Quebec nationalism (the idea of Quebec as a distinct society) grew stronger.",https://en.wikipedia.org/wiki/Quiet_Revolution,8141
Official Languages Act,"A 1969 federal law that made English and French equal languages across the federal government, guaranteeing Canadians the right to federal services in either one.",https://en.wikipedia.org/wiki/Official_Languages_Act_(Canada),8152
Vimy Ridge,A First World War battle (1917) where Canadian troops fought together as one force for the first time and won — often called the moment Canada started feeling like a real nation.,https://en.wikipedia.org/wiki/Battle_of_Vimy_Ridge,7021
Hundred Days,"The final string of Allied victories that ended the First World War in 1918, with Canadian troops under General Arthur Currie playing a leading role.",https://en.wikipedia.org/wiki/Hundred_Days_Offensive,7042
D-Day,"June 6, 1944 — the day Allied forces landed in Normandy, France, to begin liberating Europe from Nazi occupation. Canadian troops led one of the five landing beaches.",https://en.wikipedia.org/wiki/Normandy_landings,7201
Juno Beach,The stretch of Normandy coastline that Canadian soldiers were assigned to capture on D-Day in 1944.,https://en.wikipedia.org/wiki/Juno_Beach,7022
Battle of the Atlantic,The Second World War naval campaign where Canadian warships helped protect supply convoys crossing the Atlantic from German submarines.,https://en.wikipedia.org/wiki/Battle_of_the_Atlantic,7192
Underground Railroad,Not an actual railroad — a secret network of routes and safe houses that helped enslaved people escape the United States to freedom in Canada in the 1800s.,https://en.wikipedia.org/wiki/Underground_Railroad,5041
Chinese Head Tax,"A fee the Canadian government charged Chinese immigrants (and only Chinese immigrants) to enter the country, starting in the 1880s. Canada formally apologized for it in 2006.",https://en.wikipedia.org/wiki/Chinese_head_tax,6122
Yukon Gold Rush,"A rush of prospectors into the Yukon in the 1890s after gold was discovered in the Klondike region, quickly turning a remote territory into a boomtown.",https://en.wikipedia.org/wiki/Klondike_Gold_Rush,18069
Constitutional monarchy,"A system of government where a king or queen is the official head of state, but real day-to-day power rests with an elected government acting within the rules of a constitution.",https://en.wikipedia.org/wiki/Constitutional_monarchy,3016
the Sovereign,Canada's head of state — currently King Charles III. The role is symbolic and non-partisan; the elected Prime Minister and Cabinet actually run the country.,https://en.wikipedia.org/wiki/Monarchy_of_Canada,7112
the Crown,"Another name for the Sovereign's role as head of state — used to talk about the authority of the monarchy as an institution, separate from whoever happens to be king or queen at the time. You'll see it in phrases like ""Crown land"" (government-owned land) or ""the Crown prosecutes"" (the government brings criminal charges, not a private citizen).",https://en.wikipedia.org/wiki/Crown_in_Canada,4184
Governor General,"The Sovereign's representative in Canada, appointed on the Prime Minister's advice. The Governor General performs ceremonial duties and formally signs bills into law, but doesn't make political decisions.",https://en.wikipedia.org/wiki/Governor_General_of_Canada,3241
Lieutenant Governor,The Sovereign's representative in each province — basically the provincial version of the Governor General.,https://en.wikipedia.org/wiki/Lieutenant_governor_(Canada),5031
Commissioner,"The federal government's representative in each of Canada's three territories (Yukon, Northwest Territories, Nunavut) — similar to a Lieutenant Governor, but appointed by Ottawa rather than the Sovereign.",https://en.wikipedia.org/wiki/Commissioner_of_the_Yukon,9252
confidence vote,A vote in the House of Commons on a major issue (like the budget) that tests whether the governing party still has enough support to keep governing. Losing one usually triggers an election.,https://en.wikipedia.org/wiki/Motion_of_no_confidence,5127
non-confidence,"When the House of Commons votes against the government on a major issue, showing it no longer has majority support — this can force the government to resign or call an election.",https://en.wikipedia.org/wiki/Motion_of_no_confidence,9082
Parliament,"Canada's federal law-making body, made up of three parts working together: the Sovereign (represented by the Governor General), the Senate, and the House of Commons.",https://en.wikipedia.org/wiki/Parliament_of_Canada,2021
House of Commons,"The elected chamber of Parliament, where Members of Parliament (MPs) debate and vote on laws. This is the chamber that actually decides who forms the government.",https://en.wikipedia.org/wiki/House_of_Commons_of_Canada,9062
Senate,"Parliament's second chamber, whose members (Senators) are appointed rather than elected. It reviews and can propose changes to bills passed by the House of Commons.",https://en.wikipedia.org/wiki/Senate_of_Canada,9062
Senator,"A member of the Senate, appointed by the Governor General on the Prime Minister's advice, who serves until age 75.",https://en.wikipedia.org/wiki/Senate_of_Canada,6032
Royal assent,"The final formal step that turns a bill into law — the Governor General signs it on the Sovereign's behalf, after it has already passed both the House of Commons and the Senate.",https://en.wikipedia.org/wiki/Royal_assent,9112
riding,Another word for an electoral district — the specific geographic area whose voters elect one Member of Parliament (or one provincial representative).,https://en.wikipedia.org/wiki/Electoral_district_(Canada),10041
Cabinet,The Prime Minister and the ministers chosen to run government departments (like Health or Finance). Cabinet proposes most new laws and the federal budget.,https://en.wikipedia.org/wiki/Cabinet_of_Canada,9081
Official Opposition,The opposition party with the most seats in the House of Commons — its job is to challenge and hold the government to account.,https://en.wikipedia.org/wiki/Official_Opposition_(Canada),10211
majority government,"A government where the winning party holds more than half the seats in the House of Commons, letting it pass laws without needing support from other parties.",https://en.wikipedia.org/wiki/Majority_government,10161
minority government,"A government where the winning party holds less than half the seats in the House of Commons, meaning it needs support from at least one other party to pass laws.",https://en.wikipedia.org/wiki/Minority_government,10162
Federalism,"A system of government where power is divided between a national (federal) government and provincial/territorial governments, each with its own areas of responsibility — e.g. Ottawa handles national defence and citizenship, while provinces run health care and education.",https://en.wikipedia.org/wiki/Federalism_in_the_United_States,9051
Premier,The head of a provincial or territorial government — the provincial equivalent of the Prime Minister.,https://en.wikipedia.org/wiki/Premier_(Canada),5174
MLA,Member of the Legislative Assembly — what an elected provincial representative is called in most provinces and territories.,https://en.wikipedia.org/wiki/Member_of_the_Legislative_Assembly,9242
MNA,Member of the National Assembly — what an elected provincial representative is called in Quebec.,https://en.wikipedia.org/wiki/National_Assembly_of_Quebec,9242
MPP,Member of Provincial Parliament — what an elected provincial representative is called in Ontario.,https://en.wikipedia.org/wiki/Member_of_Provincial_Parliament_(Ontario),9242
MHA,Member of the House of Assembly — what an elected provincial representative is called in Newfoundland and Labrador.,https://en.wikipedia.org/wiki/Newfoundland_and_Labrador_House_of_Assembly,9242
Elections Canada,The independent federal agency responsible for running elections and keeping the national list of registered voters.,https://en.wikipedia.org/wiki/Elections_Canada,10091
by-law,"A local law passed by a municipal (city or town) council, covering things like parking, noise, or property standards.",https://en.wikipedia.org/wiki/By-law,10172
band council,"The elected leadership of a First Nation, made up of a chief and councillors, responsible for local services like housing, schools, and roads on the reserve.",https://en.wikipedia.org/wiki/Band_government,10332
rule of law,The principle that everyone — including the government itself — has to follow the law. No one is above it.,https://en.wikipedia.org/wiki/Rule_of_law,2022
due process,"The principle that the government must follow fair, established legal procedures before it can take away someone's rights, freedom, or property.",https://en.wikipedia.org/wiki/Due_process,11001
presumption of innocence,The rule that anyone accused of a crime is treated as innocent unless and until a court actually proves them guilty.,https://en.wikipedia.org/wiki/Presumption_of_innocence,11006
habeas corpus,"An old legal right letting someone who's been detained by the state demand to be brought before a court, so a judge can decide whether the detention is actually lawful.",https://en.wikipedia.org/wiki/Habeas_corpus,2008
Supreme Court of Canada,"Canada's highest court — its decisions are final, and every other court in the country has to follow them.",https://en.wikipedia.org/wiki/Supreme_Court_of_Canada,11041
Federal Court,"The court that handles legal cases specifically involving the federal government, such as immigration or federal agency decisions.",https://en.wikipedia.org/wiki/Federal_Court_(Canada),8172
King's Bench,"The name used in some provinces (instead of ""Superior Court"") for the main trial-level court that hears serious criminal and civil cases.",https://en.wikipedia.org/wiki/Court_of_King's_Bench_of_Alberta,11051
RCMP,"The Royal Canadian Mounted Police — Canada's national police force, which also acts as the provincial police in most provinces (all except Ontario and Quebec).",https://en.wikipedia.org/wiki/Royal_Canadian_Mounted_Police,5014
Musical Ride,A famous RCMP ceremonial performance where uniformed Mounties on horseback perform intricate formations — a well-known symbol of the force.,https://en.wikipedia.org/wiki/RCMP_Musical_Ride,12021
Charter of Rights and Freedoms,"Part of Canada's constitution (added in 1982) that guarantees Canadians' basic rights and freedoms — like freedom of speech, equality rights, and the right to a fair trial.",https://en.wikipedia.org/wiki/Canadian_Charter_of_Rights_and_Freedoms,2014
fundamental freedoms,"The Charter's four basic freedoms guaranteed to everyone in Canada: freedom of conscience and religion, freedom of thought and expression, freedom of peaceful assembly, and freedom of association.",https://en.wikipedia.org/wiki/Canadian_Charter_of_Rights_and_Freedoms,2049
mobility rights,"The Charter right letting Canadian citizens live, work, and travel freely anywhere in Canada.",https://en.wikipedia.org/wiki/Canadian_Charter_of_Rights_and_Freedoms,2028
coat of arms,"Canada's official heraldic symbol — a shield-and-crest design combining English, French, Scottish, and Irish emblems along with maple leaves, used on official documents and buildings.",https://en.wikipedia.org/wiki/Coat_of_arms_of_Canada,12076
A mari usque ad mare,"Canada's national motto, Latin for ""from sea to sea"" — it appears on the coat of arms.",https://en.wikipedia.org/wiki/A_Mari_Usque_Ad_Mare,12082
Red Ensign,The flag Canada used for about 100 years before the current maple leaf flag was adopted in 1965 — it had the Union Jack in the corner and Canada's coat of arms.,https://en.wikipedia.org/wiki/Canadian_Red_Ensign,8472
Fleur-de-lys,A stylized lily symbol tied to French royal history — it's the central image on Quebec's flag.,https://en.wikipedia.org/wiki/Fleur-de-lis,12055
Order of Canada,"Canada's own national honour, created in 1967, given to people who've made an outstanding contribution to the country.",https://en.wikipedia.org/wiki/Order_of_Canada,12168
Victoria Cross,The highest award for bravery available to Canadian and Commonwealth armed forces members.,https://en.wikipedia.org/wiki/Victoria_Cross,12174
Mace,"A ceremonial gold staff carried into the House of Commons before each sitting — it represents the authority of Parliament, and no formal business can happen without it present.",https://en.wikipedia.org/wiki/Parliamentary_mace,12055
Peace Tower,"The tall clock tower on Parliament Hill in Ottawa, built as a memorial to Canadians who died in the First World War.",https://en.wikipedia.org/wiki/Peace_Tower,12104
Books of Remembrance,Books kept inside the Peace Tower that record the names of every Canadian who has died in military service.,https://en.wikipedia.org/wiki/Books_of_Remembrance_(Canada),12104
Stanley Cup,"The championship trophy of the National Hockey League, originally donated by a Governor General of Canada in 1892.",https://en.wikipedia.org/wiki/Stanley_Cup,8442
Grey Cup,"The championship trophy of the Canadian Football League, originally donated by a Governor General of Canada in 1909.",https://en.wikipedia.org/wiki/Grey_Cup,8441
Snowbirds,"Canada's military air-show flight team, officially 431 Air Demonstration Squadron, known for their precision flying formations.",https://en.wikipedia.org/wiki/Canadian_Forces_Snowbirds,12227
GATT,The General Agreement on Tariffs and Trade — a post-Second World War treaty that lowered trade barriers between countries. It eventually evolved into the World Trade Organization.,https://en.wikipedia.org/wiki/General_Agreement_on_Tariffs_and_Trade,8001
WTO,"The World Trade Organization — the international body that sets and enforces the rules of global trade between countries, including Canada.",https://en.wikipedia.org/wiki/World_Trade_Organization,8002
NAFTA,"The North American Free Trade Agreement — a 1994 deal that removed most trade barriers between Canada, the United States, and Mexico.",https://en.wikipedia.org/wiki/North_American_Free_Trade_Agreement,8002
G8,A group of the world's major industrialized economies (including Canada) whose leaders meet regularly to coordinate on global economic issues.,https://en.wikipedia.org/wiki/Group_of_Eight,13028
Canada Health Act,The federal law that sets the rules every province's health care system has to follow in order to receive federal health funding.,https://en.wikipedia.org/wiki/Canada_Health_Act,8041
Canada and Quebec Pension Plans,"Government pension programs (Quebec runs its own, separate from the rest of Canada) that workers pay into during their careers and draw retirement income from afterward, started in 1965.",https://en.wikipedia.org/wiki/Canada_Pension_Plan,8062
Old Age Security,"A monthly government pension paid to most Canadians 65 and older, funded from general tax revenue rather than from contributions workers made during their careers.",https://en.wikipedia.org/wiki/Old_Age_Security,8061
Employment Insurance,"A government program that provides temporary income support to workers who lose their job, funded by contributions from workers and employers.",https://en.wikipedia.org/wiki/Employment_insurance_(Canada),8052
Canadian Shield,"A huge region of ancient, rocky terrain covering much of central and northern Canada — it's rich in minerals and forests but has poor farming soil.",https://en.wikipedia.org/wiki/Canadian_Shield,15032
Confederation Bridge,"The bridge connecting Prince Edward Island to mainland New Brunswick — at about 12.9 km, one of the longest bridges in the world over ice-covered water.",https://en.wikipedia.org/wiki/Confederation_Bridge,14049
Bay of Fundy,A bay between Nova Scotia and New Brunswick famous for having the highest tides in the world.,https://en.wikipedia.org/wiki/Bay_of_Fundy,14067
Acadians,"French colonists who settled the Maritime provinces starting in 1604 — many were forcibly deported by the British in the 1750s, an event known as the Great Upheaval.",https://en.wikipedia.org/wiki/Acadians,3196
Anglophone,Someone whose first or main language is English.,https://en.wikipedia.org/wiki/Anglophone,21205
Francophone,Someone whose first or main language is French.,https://en.wikipedia.org/wiki/Francophone,8452
Métis,"A distinct Indigenous people descended from historical unions between First Nations and European (mostly French) settlers, with their own culture and language.",https://en.wikipedia.org/wiki/M%C3%A9tis_in_Canada,3091
Inuktitut,"The traditional language of the Inuit, and one of the official languages of Nunavut.",https://en.wikipedia.org/wiki/Inuktitut,3121
First Nations,"A term for the Indigenous peoples of Canada who are not Inuit or Métis — there are over 600 First Nations across the country, each with its own culture and history.",https://en.wikipedia.org/wiki/First_Nations_in_Canada,3091
reserve,Land set aside by the federal government specifically for the use of a First Nation.,https://en.wikipedia.org/wiki/Indian_reserve,3107
Nunavut,"Canada's youngest and northernmost territory, created in 1999, with a mostly Inuit population. The name means ""our land"" in Inuktitut.",https://en.wikipedia.org/wiki/Nunavut,5152
Mackenzie River,"North America's second-longest river system, flowing through the Northwest Territories to the Arctic Ocean.",https://en.wikipedia.org/wiki/Mackenzie_River,14121
Canadian Rangers,"A part-time reserve unit of the Canadian Armed Forces made up mostly of Indigenous and local volunteers, who patrol and watch over Canada's remote northern regions.",https://en.wikipedia.org/wiki/Canadian_Rangers,18123
NATO,"The North Atlantic Treaty Organization — a military alliance of Canada, the U.S., and mostly-European countries, formed after the Second World War, where an attack on one member is treated as an attack on all.",https://en.wikipedia.org/wiki/NATO,8092
NORAD,The North American Aerospace Defence Command — a joint Canada-U.S. military command that watches North American airspace for threats.,https://en.wikipedia.org/wiki/NORAD,8101
La Francophonie,"An international organization of French-speaking countries and governments, which Canada helped found in 1970.",https://en.wikipedia.org/wiki/Organisation_internationale_de_la_Francophonie,8171
Commonwealth,"A voluntary association of mostly former British colonies, including Canada, that grew out of the British Empire. The Sovereign serves as its ceremonial head.",https://en.wikipedia.org/wiki/Commonwealth_of_Nations,7131
Canadarm,A robotic arm designed and built in Canada that was used on NASA's Space Shuttle to move cargo and help with repairs in orbit.,https://en.wikipedia.org/wiki/Canadarm,8472
New France,"France's North American colony, founded in the early 1600s and centred on the St. Lawrence River in what's now Quebec. At its peak it stretched from Hudson Bay down to the Gulf of Mexico, but Britain took it over after defeating France at the Plains of Abraham in 1759.",https://en.wikipedia.org/wiki/New_France,4093
Aboriginal,"The term Canada's citizenship material and Charter of Rights use for the country's original inhabitants as a group — First Nations, Inuit, and Métis together. They're one of Canada's three ""founding peoples,"" alongside the French and the British; ""Indigenous"" is the more commonly used word today, but ""Aboriginal"" remains the official legal wording.",https://en.wikipedia.org/wiki/Indigenous_peoples_in_Canada,2062
Canadiens,"The name French-speaking Catholic settlers of New France called themselves (also ""Habitants""). After Britain took over the colony in 1763, the Quebec Act of 1774 let them keep their Catholic faith, French civil law, and way of life.",https://en.wikipedia.org/wiki/Canadiens,5075
Hudson's Bay Company,A British fur-trading company chartered in 1670 and given exclusive trading rights over the huge Hudson Bay watershed (Rupert's Land). It dominated Canada's early fur trade for two centuries before selling its territory to the new Canadian government in 1869.,https://en.wikipedia.org/wiki/Hudson%27s_Bay_Company,4129
Rupert's Land,"The vast territory draining into Hudson Bay — covering most of today's Prairies, northern Ontario and Quebec, and part of the Arctic — that Britain granted to the Hudson's Bay Company in 1670. Canada bought it in 1869, and it later became the base for Manitoba, the Northwest Territories, and Nunavut.",https://en.wikipedia.org/wiki/Rupert%27s_Land,6001
Fort Garry,"A Hudson's Bay Company fort at the meeting point of the Red and Assiniboine rivers, seized by Louis Riel and the Métis in the 1869-70 Red River uprising. It later grew into the city of Winnipeg.",https://en.wikipedia.org/wiki/Fort_Garry,5053
Voyageurs,"French-Canadian canoemen hired by fur-trading companies to paddle trade goods and furs along the rivers and lakes of the fur-trade routes, often forming close alliances with First Nations along the way.",https://en.wikipedia.org/wiki/Voyageurs,4135
Coureurs des bois,"French for ""runners of the woods"" — independent, unlicensed fur traders (unlike the company-employed voyageurs) who lived and traded directly with First Nations deep in the woods, without a fur company's permission.",https://en.wikipedia.org/wiki/Coureur_des_bois,4136
Residential schools,"Government-funded, church-run boarding schools that operated from the 1800s to 1996, where Aboriginal children were often forcibly separated from their families with the goal of assimilating them into non-Indigenous culture. Conditions were frequently poorly funded and abusive, and the federal government formally apologized in 2008.",https://en.wikipedia.org/wiki/Canadian_Indian_residential_school_system,3061
CPR,"Short for the Canadian Pacific Railway — the transcontinental railway completed in 1885, financed by British and American investors and built largely by European and Chinese labourers, that physically linked Canada from coast to coast and is often called a symbol of the country's unity.",https://en.wikipedia.org/wiki/Canadian_Pacific_Railway,6042
MP,Member of Parliament: the person elected to represent one riding in the House of Commons.,https://en.wikipedia.org/wiki/Member_of_Parliament_(Canada),
MPs,The plural of MP: the Members of Parliament elected to the House of Commons.,https://en.wikipedia.org/wiki/Member_of_Parliament_(Canada),
MLAs,Members of the Legislative Assembly: the elected provincial representatives in most provinces.,https://en.wikipedia.org/wiki/Member_of_the_Legislative_Assembly,
MNAs,Members of the National Assembly: the elected provincial representatives in Quebec.,https://en.wikipedia.org/wiki/National_Assembly_of_Quebec,
MPPs,Members of Provincial Parliament: the elected provincial representatives in Ontario.,https://en.wikipedia.org/wiki/Member_of_Provincial_Parliament_(Ontario),
MHAs,Members of the House of Assembly: the elected provincial representatives in Newfoundland and Labrador.,https://en.wikipedia.org/wiki/Newfoundland_and_Labrador_House_of_Assembly,
GG,"The Governor General, who represents the Sovereign in Canada.",https://en.wikipedia.org/wiki/Governor_General_of_Canada,
LG,"The Lieutenant Governor, who represents the Sovereign in a province.",https://en.wikipedia.org/wiki/Lieutenant_governor_(Canada),
BNA,"The British North America Act, 1867, the law that created the Dominion of Canada.","https://en.wikipedia.org/wiki/Constitution_Act,_1867",
NDP,"The New Democratic Party, a federal political party on the left of Canadian politics.",https://en.wikipedia.org/wiki/New_Democratic_Party,
WWI,The First World War (1914 to 1918).,https://en.wikipedia.org/wiki/World_War_I,
WW1,The First World War (1914 to 1918).,https://en.wikipedia.org/wiki/World_War_I,
WW2,The Second World War (1939 to 1945).,https://en.wikipedia.org/wiki/World_War_II,
WWII,The Second World War (1939 to 1945).,https://en.wikipedia.org/wiki/World_War_II,
CEF,"The Canadian Expeditionary Force, formed in 1914 to fight in the First World War.",https://en.wikipedia.org/wiki/Canadian_Expeditionary_Force,
RCAF,"The Royal Canadian Air Force, Canada's air force.",https://en.wikipedia.org/wiki/Royal_Canadian_Air_Force,
RCN,"The Royal Canadian Navy, Canada's navy.",https://en.wikipedia.org/wiki/Royal_Canadian_Navy,
BCATP,"The British Commonwealth Air Training Plan, which trained over 130,000 Allied aircrew in Canada during the Second World War.",https://en.wikipedia.org/wiki/British_Commonwealth_Air_Training_Plan,
POWs,Prisoners of war: soldiers captured by the enemy during a war.,https://en.wikipedia.org/wiki/Prisoner_of_war,
RMC,"The Royal Military College of Canada, which trains officers for the Canadian Armed Forces.",https://en.wikipedia.org/wiki/Royal_Military_College_of_Canada,
OPP,"The Ontario Provincial Police, Ontario's provincial police force.",https://en.wikipedia.org/wiki/Ontario_Provincial_Police,
SQ,"The Sûreté du Québec, Quebec's provincial police force.",https://en.wikipedia.org/wiki/S%C3%BBret%C3%A9_du_Qu%C3%A9bec,
PEI,"Prince Edward Island, Canada's smallest province and the birthplace of Confederation.",https://en.wikipedia.org/wiki/Prince_Edward_Island,
NWT,"The Northwest Territories, a territory in northern Canada.",https://en.wikipedia.org/wiki/Northwest_Territories,
BC,"British Columbia, Canada's Pacific province.",https://en.wikipedia.org/wiki/British_Columbia,
NB,"New Brunswick, one of Canada's Atlantic provinces.",https://en.wikipedia.org/wiki/New_Brunswick,
QC,"Quebec, Canada's mostly French-speaking province.",https://en.wikipedia.org/wiki/Quebec,
NP,"National Park: land protected by the federal government, such as Banff.",https://en.wikipedia.org/wiki/National_parks_of_Canada,
HBC,"The Hudson's Bay Company, a fur-trading company founded in 1670.",https://en.wikipedia.org/wiki/Hudson%27s_Bay_Company,
UE,United Empire Loyalists: colonists loyal to Britain who moved north after the American Revolution.,https://en.wikipedia.org/wiki/United_Empire_Loyalist,
CHA,"The Canada Health Act, the law that sets the national standards for public health insurance.",https://en.wikipedia.org/wiki/Canada_Health_Act,
EI,Employment Insurance: temporary income support for people who lose their jobs.,https://en.wikipedia.org/wiki/Employment_insurance_(Canada),
OAS,Old Age Security: a monthly pension for Canadians aged 65 and over.,https://en.wikipedia.org/wiki/Old_Age_Security,
FTA,"The Canada-United States Free Trade Agreement of 1988, which cut tariffs between the two countries.",https://en.wikipedia.org/wiki/Canada%E2%80%93United_States_Free_Trade_Agreement,
CFL,"The Canadian Football League, whose teams compete for the Grey Cup.",https://en.wikipedia.org/wiki/Canadian_Football_League,
NRC,"The National Research Council, Canada's federal research organization.",https://en.wikipedia.org/wiki/National_Research_Council_(Canada),
SPAR,"SPAR Aerospace, the company that built the Canadarm with the National Research Council.",https://en.wikipedia.org/wiki/Canadarm,
RIM,"Research In Motion, the Canadian company that made the BlackBerry.",https://en.wikipedia.org/wiki/BlackBerry_Limited,
BlackBerry,"A Canadian-made smartphone brand, first sold by Research In Motion.",https://en.wikipedia.org/wiki/BlackBerry,
YMCA,"The Young Men's Christian Association, a community organization that runs fitness and youth programs.",https://en.wikipedia.org/wiki/YMCA,
UNESCO,"The United Nations Educational, Scientific and Cultural Organization, which names World Heritage Sites.",https://en.wikipedia.org/wiki/UNESCO,
McGill,"McGill University, a well-known university in Montreal.",https://en.wikipedia.org/wiki/McGill_University,
McCrae,"John McCrae, the Canadian doctor and soldier who wrote the poem 'In Flanders Fields'.",https://en.wikipedia.org/wiki/John_McCrae,
McLuhan,"Marshall McLuhan, the Canadian thinker who coined 'the medium is the message'.",https://en.wikipedia.org/wiki/Marshall_McLuhan,
McClung,"Nellie McClung, a Canadian suffragist who campaigned for women's right to vote.",https://en.wikipedia.org/wiki/Nellie_McClung,
FitzGibbon,"James FitzGibbon, the British lieutenant Laura Secord warned in 1813.",https://en.wikipedia.org/wiki/James_FitzGibbon,
MacMillan,"Sir Ernest MacMillan, a Canadian conductor and composer.",https://en.wikipedia.org/wiki/Ernest_MacMillan,
MacLeod,"Fort Macleod, a North-West Mounted Police fort founded in 1874 in what is now Alberta.",https://en.wikipedia.org/wiki/Fort_Macleod,
